Survived,Pclass,Sex,Age,SibSp,Parch,Fare,Embarked,FamilySize,IsAlone,Title
0,3,1,-0.5657364610748746,1,0,-0.5024451714361923,2,2,0,2
1,1,0,0.6638610320657843,1,0,0.7868452935884461,0,2,0,3
1,3,0,-0.2583370877897099,0,0,-0.4888542575852486,2,1,1,1
1,1,0,0.4333115021019107,1,0,0.4207302360686478,2,2,0,3
0,3,1,0.4333115021019107,0,0,-0.4863374216869257,2,1,1,2
0,3,1,-0.10463740114712752,0,0,-0.47811642890864375,1,1,1,2
0,1,1,1.893458525206443,0,0,0.395813560675251,2,1,1,2
0,3,1,-2.1027333275006983,3,1,-0.22408312108167944,2,5,0,0
1,3,0,-0.1814872444684187,0,2,-0.4242561406845337,2,3,0,3
1,2,0,-1.180535207645204,1,0,-0.04295550208861426,0,2,0,3
1,3,0,-1.949033640858116,1,1,-0.312172377522981,2,3,0,1
1,1,0,2.200857898491608,0,0,-0.11384570873513637,2,1,1,1
0,3,1,-0.719436147717457,0,0,-0.4863374216869257,2,1,1,2
0,3,1,0.7407108753870755,1,5,-0.01870931177853076,2,7,0,2
0,3,0,-1.180535207645204,0,0,-0.4902797934380587,2,1,1,1
1,2,0,1.9703083685277343,0,0,-0.3262666585535892,2,1,1,3
0,3,1,-2.1027333275006983,4,1,-0.06199888922968463,1,6,0,0
1,2,1,-0.10463740114712752,0,0,-0.3866707201133388,2,1,1,2
0,3,0,0.12591212881674602,1,0,-0.2859972841804228,2,2,0,3
1,3,0,-0.10463740114712752,0,0,-0.5029485386158568,0,1,1,3
0,2,1,0.4333115021019107,0,0,-0.12491978668775715,2,1,1,2
1,2,1,0.35646165878061953,0,0,-0.3866707201133388,2,1,1,2
1,3,0,-1.1036853643239128,0,0,-0.4867562231804066,1,1,1,1
1,1,1,-0.10463740114712752,0,0,0.06635974158478332,2,1,1,2
0,3,0,-1.6416342675729512,3,1,-0.22408312108167944,2,5,0,1
1,3,0,0.6638610320657843,1,5,-0.016444159470040135,2,7,0,3
0,3,1,-0.10463740114712752,0,0,-0.5029485386158568,0,1,1,2
0,1,1,-0.7962859910387481,3,2,4.647001076532463,2,6,0,2
1,3,0,-0.10463740114712752,0,0,-0.48977642625839407,1,1,1,1
0,3,1,-0.10463740114712752,0,0,-0.4894421904510968,2,1,1,2
0,1,1,0.8175607187083667,0,0,-0.09027201697708476,0,1,1,4
1,1,0,-0.10463740114712752,1,0,2.301728820789,0,2,0,3
1,3,0,-0.10463740114712752,0,0,-0.49237782784290063,1,1,1,1
0,2,1,2.8156566450619374,0,0,-0.43700743807979686,2,1,1,2
0,1,1,-0.10463740114712752,1,0,1.0060617003323709,0,2,0,2
0,1,1,0.9712604053509489,1,0,0.39858208016340624,2,2,0,2
1,3,1,-0.10463740114712752,0,0,-0.5028639729296732,0,1,1,2
0,3,1,-0.6425863043961658,0,0,-0.4863374216869257,2,1,1,2
0,3,0,-0.8731358343600393,2,0,-0.2859972841804228,2,3,0,1
1,3,0,-1.180535207645204,1,0,-0.42207354059350805,0,2,0,1
0,3,0,0.8175607187083667,1,0,-0.4576454924460446,2,2,0,3
0,2,0,-0.1814872444684187,1,0,-0.22559322262067316,2,2,0,3
0,3,1,-0.10463740114712752,0,0,-0.4894421904510968,0,1,1,2
1,2,0,-2.025883484179407,1,2,0.18876253192945994,0,4,0,1
1,3,0,-0.7962859910387481,0,0,-0.48977642625839407,1,1,1,1
0,3,1,-0.10463740114712752,0,0,-0.4863374216869257,2,1,1,2
0,3,1,-0.10463740114712752,1,0,-0.3363340021468808,1,2,0,2
1,3,0,-0.10463740114712752,0,0,-0.49237782784290063,1,1,1,1
0,3,1,-0.10463740114712752,2,0,-0.21191774308354583,0,3,0,2
0,3,0,-0.8731358343600393,1,0,-0.29002422161773944,2,2,0,3
0,3,1,-1.7184841108942424,4,1,0.1506737441786005,2,6,0,0
0,3,1,-0.6425863043961658,0,0,-0.4913710934835715,2,1,1,2
1,1,0,1.5092093085999871,1,0,0.8964967865378598,0,2,0,3
1,2,0,-0.027787557825836348,1,0,-0.12491978668775715,2,2,0,3
0,1,1,2.738806801740646,0,1,0.5995101505357573,0,2,0,2
1,1,1,-0.10463740114712752,0,0,0.06635974158478332,2,1,1,2
1,2,0,-0.6425863043961658,0,0,-0.43700743807979686,2,1,1,1
0,3,1,-0.06621247948648194,0,0,-0.5028639729296732,0,1,1,2
1,2,0,-1.8721837975368247,1,2,-0.08968408411123653,2,4,0,1
0,3,1,-1.4110847376090776,5,2,0.2958951755118318,2,8,0,0
0,3,1,-0.5657364610748746,0,0,-0.5028639729296732,0,1,1,2
1,1,0,0.6638610320657843,0,0,0.962353321387736,2,1,1,1
0,1,1,1.2018099353148226,1,0,1.0323213593611125,2,2,0,2
0,3,1,-1.949033640858116,3,2,-0.08666388103324908,2,6,0,0
0,1,1,-0.10463740114712752,0,0,-0.09027201697708476,0,1,1,2
1,3,1,-0.10463740114712752,1,1,-0.3414522396297103,0,3,0,0
1,2,0,-0.027787557825836348,0,0,-0.43700743807979686,2,1,1,3
0,3,1,-0.7962859910387481,0,0,-0.4841568350646187,2,1,1,2
1,3,0,-0.9499856776813305,4,2,-0.4888542575852486,2,7,0,1
0,3,1,-0.2583370877897099,2,0,-0.47400492578514347,2,3,0,2
0,2,1,0.20276197213803718,0,0,-0.43700743807979686,2,1,1,2
0,3,0,-1.0268355210026217,5,2,0.2958951755118318,2,8,0,1
0,2,1,-0.6425863043961658,0,0,0.8314778546749452,2,1,1,2
0,3,1,-0.2583370877897099,1,0,-0.3573908580066095,0,2,0,2
1,3,1,0.20276197213803718,0,0,0.48910360681684706,2,1,1,2
0,3,1,-0.33518693111100106,0,0,-0.494391296561559,2,1,1,2
0,3,1,-0.10463740114712752,0,0,-0.4894421904510968,2,1,1,2
0,3,1,-0.10463740114712752,0,0,-0.4863374216869257,2,1,1,2
1,2,1,-2.192647644186609,0,2,-0.06451572512800753,2,3,0,0
1,3,0,0.04906228549545483,0,0,-0.397241430886295,2,1,1,1
0,3,1,-0.5657364610748746,0,0,-0.46720946885967163,2,1,1,2
1,3,1,-0.027787557825836348,0,0,-0.45714212526638004,2,1,1,2
1,3,0,-0.10463740114712752,0,0,-0.49162277707340374,1,1,1,1
0,1,1,-0.10463740114712752,0,0,0.29992211294914856,2,1,1,2
1,2,0,-0.9499856776813305,0,0,-0.43700743807979686,2,1,1,1
1,3,0,0.27961181545932834,3,0,-0.32928686163157667,2,4,0,3
0,3,1,-1.0268355210026217,1,3,0.04370821849987721,2,5,0,2
0,3,1,-0.10463740114712752,0,0,-0.4863374216869257,2,1,1,2
1,1,0,-0.48888661775358344,3,2,4.647001076532463,2,6,0,1
0,3,1,-0.41203677443229225,0,0,-0.4863374216869257,2,1,1,2
0,3,1,-0.027787557825836348,0,0,-0.4863374216869257,2,1,1,2
0,3,1,-0.719436147717457,0,0,-0.4902797934380587,2,1,1,2
0,1,1,1.2786597786361138,1,0,0.5833178351003071,2,2,0,2
0,3,1,-0.2583370877897099,1,2,-0.23415046467497105,2,4,0,2
0,3,1,2.277707741812899,0,0,-0.5024451714361923,2,1,1,2
0,3,1,-0.10463740114712752,0,0,-0.4863374216869257,2,1,1,2
0,1,1,3.1999058616683933,0,0,0.0493298231623713,0,1,1,2
1,1,1,-0.48888661775358344,0,1,0.6272778976347743,0,2,0,2
1,2,0,0.35646165878061953,0,1,-0.18532384824750675,2,2,0,3
0,2,1,0.35646165878061953,1,0,-0.12491978668775715,2,2,0,2
0,3,0,-0.10463740114712752,0,0,-0.4894421904510968,2,1,1,1
0,3,1,-0.10463740114712752,0,0,-0.4894421904510968,2,1,1,2
0,1,1,-0.6425863043961658,0,1,0.907737982394129,2,2,0,2
0,3,1,0.27961181545932834,0,0,-0.4741720436887921,2,1,1,2
0,3,1,0.5870111887444931,2,0,-0.4888542575852486,2,3,0,2
0,3,1,-0.10463740114712752,0,0,-0.4894421904510968,2,1,1,2
1,3,0,-0.6425863043961658,0,0,-0.494391296561559,2,1,1,1
1,3,1,-0.10463740114712752,0,0,-0.4918744606632361,2,1,1,2
0,3,1,0.6638610320657843,0,0,-0.4894421904510968,2,1,1,2
1,3,0,-0.10463740114712752,1,0,-0.1621689579829361,1,2,0,1
0,1,1,1.3555096219574048,0,0,0.39858208016340624,2,1,1,2
0,3,0,-1.1421102859845584,1,0,-0.3573908580066095,0,2,0,1
0,3,1,-0.5657364610748746,0,0,-0.4863374216869257,2,1,1,2
0,3,0,-0.719436147717457,1,0,-0.4505983519307405,2,2,0,1
0,3,0,-0.9499856776813305,0,0,-0.3573083057891445,0,1,1,1
0,3,1,-0.6425863043961658,0,0,-0.4888542575852486,2,1,1,2
0,3,1,3.1614809400077477,0,0,-0.49237782784290063,1,1,1,2
0,2,1,-0.027787557825836348,1,0,-0.22559322262067316,2,2,0,2
0,1,1,-0.41203677443229225,0,1,4.335332226633905,0,2,0,2
0,3,0,-2.1027333275006983,4,2,-0.01870931177853076,2,7,0,1
0,2,1,-0.6425863043961658,2,0,0.8314778546749452,2,3,0,2
0,3,1,-0.10463740114712752,0,0,-0.4863374216869257,2,1,1,2
0,2,1,0.24118689379868277,1,0,-0.04295550208861426,0,2,0,2
1,2,0,0.24118689379868277,0,0,-0.3866707201133388,2,1,1,1
0,1,1,1.893458525206443,0,1,0.907737982394129,2,2,0,2
1,3,1,-1.3342348942877864,1,0,-0.42207354059350805,0,2,0,0
0,3,1,-0.10463740114712752,0,0,-0.49237782784290063,1,1,1,2
1,3,1,-0.41203677443229225,0,0,-0.5046257580584992,2,1,1,2
1,3,0,-0.10463740114712752,1,1,-0.19824427701513722,0,3,0,1
0,3,1,1.2018099353148226,0,0,-0.5079822104125026,2,1,1,2
0,3,1,0.27961181545932834,0,0,-0.4894421904510968,0,1,1,2
0,3,1,-0.719436147717457,0,0,-0.5064721088735089,2,1,1,2
0,3,0,1.3555096219574048,1,0,-0.35646868933346404,2,2,0,3
1,2,0,-0.027787557825836348,1,0,-0.12491978668775715,2,2,0,3
0,2,1,-0.33518693111100106,0,0,-0.3866707201133388,2,1,1,2
0,2,1,-0.48888661775358344,0,0,-0.3454791770670269,0,1,1,2
1,1,0,-0.7962859910387481,0,2,-0.11921562980779811,2,3,0,1
0,1,1,0.5870111887444931,1,0,0.4207302360686478,2,2,0,2
0,3,1,-1.0268355210026217,0,0,-0.4628462821463391,2,1,1,2
0,1,1,-0.41203677443229225,0,0,0.9462455716384695,0,1,1,2
0,3,0,-0.10463740114712752,0,2,-0.3414522396297103,0,3,0,3
1,3,0,-0.5657364610748746,0,0,-0.49237782784290063,2,1,1,1
1,3,0,-0.41203677443229225,1,0,-0.32928686163157667,2,2,0,3
0,3,1,-0.7962859910387481,0,0,-0.5125125150294839,1,1,1,2
0,2,1,-0.8731358343600393,0,0,-0.41687275089321363,2,1,1,2
0,2,1,-0.7962859910387481,1,1,0.09152810056801232,2,3,0,2
1,3,1,-0.1814872444684187,0,0,-0.49145565916975514,2,1,1,2
0,3,0,-1.56478442425166,2,2,0.04370821849987721,2,5,0,1
0,2,1,0.5485862670838475,0,2,-0.12491978668775715,2,3,0,2
0,2,1,0.9712604053509489,0,0,-0.3866707201133388,2,1,1,4
0,2,1,1.6629089952425695,0,0,-0.39623469652696586,2,1,1,4
1,1,0,-0.5657364610748746,1,0,0.6925485130875209,2,2,0,3
0,3,1,2.00873329018838,0,0,-0.4863374216869257,2,1,1,2
0,3,1,0.8559856403690123,0,2,-0.35646868933346404,2,3,0,2
0,3,1,-0.10463740114712752,0,0,-0.5011867534870308,2,1,1,2
0,1,1,1.6629089952425695,0,1,0.5874293382238074,0,2,0,2
1,3,0,-1.0268355210026217,0,0,-0.49271407711891657,1,1,1,1
0,3,1,0.04906228549545483,0,0,-0.4863374216869257,2,1,1,2
0,3,1,-0.10463740114712752,0,0,-0.47400492578514347,2,1,1,2
0,3,1,-0.10463740114712752,8,2,0.7519458402879414,2,11,0,0
0,3,1,1.1249600919935314,0,1,-0.32425318983493084,2,2,0,2
1,2,0,0.8175607187083667,0,0,-0.331300330350235,2,1,1,3
0,3,1,-0.2583370877897099,0,0,-0.4918744606632361,2,1,1,2
0,3,1,-0.9499856776813305,0,0,-0.47400492578514347,2,1,1,2
0,3,1,-2.1795831708219895,4,1,0.1506737441786005,2,6,0,0
1,3,1,-1.56478442425166,0,2,-0.2351571990343002,2,3,0,0
1,1,0,-0.10463740114712752,0,1,0.4589861417231558,2,2,0,3
0,3,0,1.2018099353148226,1,4,-0.08666388103324908,2,6,0,3
0,1,1,-0.10463740114712752,0,0,-0.12642988822675086,2,1,1,2
0,3,1,-0.10463740114712752,0,0,0.48910360681684706,2,1,1,2
0,1,1,2.4314074284554814,0,0,0.026090367211616904,2,1,1,2
0,3,1,-1.949033640858116,4,1,-0.06199888922968463,1,6,0,0
1,3,0,-2.1795831708219895,1,1,-0.4242561406845337,2,3,0,1
0,3,1,-0.6425863043961658,0,0,-0.4888542575852486,2,1,1,2
0,1,1,2.0471582118490255,0,0,-0.030371322596999754,0,1,1,2
0,3,1,-0.8731358343600393,1,1,-0.4902797934380587,2,3,0,2
0,3,1,-0.10463740114712752,3,1,-0.13565761536436197,2,5,0,0
0,1,0,1.5860591519212783,0,0,-0.07030444769415023,0,1,1,1
0,2,1,0.04906228549545483,0,0,-0.3866707201133388,2,1,1,2
0,3,1,0.5101613454232019,0,0,-0.6484216535389205,2,1,1,2
0,3,0,-0.10463740114712752,8,2,0.7519458402879414,2,11,0,1
0,2,1,-0.10463740114712752,0,0,-0.34539461138084326,0,1,1,2
0,3,1,-1.56478442425166,4,2,-0.016444159470040135,2,7,0,0
1,2,1,-2.1795831708219895,2,1,0.13683114673782454,2,4,0,0
1,3,0,-1.949033640858116,0,2,-0.20495516825442542,2,3,0,1
0,1,1,-0.10463740114712752,0,0,0.3583127057902398,2,1,1,2
1,3,0,-0.10463740114712752,1,0,-0.3363340021468808,1,2,0,3
1,1,1,1.2018099353148226,0,0,-0.11384570873513637,2,1,1,2
0,3,1,0.8175607187083667,1,1,-0.3363340021468808,1,3,0,2
0,3,1,0.5101613454232019,0,0,-0.4894421904510968,2,1,1,2
1,2,0,0.20276197213803718,0,0,-0.3866707201133388,2,1,1,3
0,2,1,-0.7962859910387481,0,0,-0.3866707201133388,2,1,1,2
1,3,0,-0.7962859910387481,1,0,-0.4902797934380587,2,2,0,1
1,2,1,-2.025883484179407,1,1,-0.12491978668775715,2,3,0,0
1,1,0,1.1249600919935314,0,0,-0.09027201697708476,0,1,1,3
1,1,0,2.200857898491608,0,0,2.301728820789,0,1,1,1
0,3,1,-0.10463740114712752,0,0,-0.49237782784290063,1,1,1,2
0,3,1,0.9712604053509489,0,1,-0.47920571548543794,2,2,0,2
1,3,0,-0.10463740114712752,0,0,-0.49237782784290063,1,1,1,1
0,2,0,-0.41203677443229225,0,0,-0.3866707201133388,2,1,1,1
0,3,1,-0.10463740114712752,0,0,-0.45714212526638004,2,1,1,2
0,3,1,-0.10463740114712752,8,2,0.7519458402879414,2,11,0,2
0,3,1,0.35646165878061953,0,0,-0.5176307525123133,2,1,1,2
0,3,1,1.2402348569754682,0,0,-0.5029485386158568,0,1,1,2
1,3,1,-0.8731358343600393,0,0,-0.4863374216869257,2,1,1,2
0,3,0,-2.1027333275006983,0,1,-0.43776248884929375,2,2,0,1
0,3,1,0.20276197213803718,1,0,-0.32928686163157667,2,2,0,2
1,3,1,-0.2583370877897099,0,0,-0.2701412180209885,0,1,1,2
1,3,0,-1.0268355210026217,0,0,-0.49237782784290063,1,1,1,1
1,1,1,0.8175607187083667,0,0,-0.024246350754841113,0,1,1,2
0,3,1,-0.41203677443229225,0,0,-0.5064721088735089,2,1,1,2
1,2,0,0.4333115021019107,0,0,-0.22559322262067316,2,1,1,1
0,3,1,-0.5657364610748746,0,0,-0.5024451714361923,2,1,1,2
0,2,1,0.04906228549545483,0,0,-0.3866707201133388,2,1,1,2
0,3,1,-0.10463740114712752,1,0,-0.49237782784290063,1,2,0,2
1,1,0,0.12591212881674602,1,0,1.6323350375212924,0,2,0,1
1,3,0,-0.1814872444684187,0,0,-0.4888542575852486,2,1,1,1
0,2,1,0.9712604053509489,1,0,-0.10478509950117394,2,2,0,2
1,1,0,0.20276197213803718,0,0,0.8876878608937296,0,1,1,1
0,2,1,0.04906228549545483,0,0,-0.43700743807979686,2,1,1,2
1,3,1,-1.0268355210026217,0,0,-0.4863374216869257,2,1,1,2
0,2,1,-0.1814872444684187,0,0,-0.3866707201133388,2,1,1,2
0,3,1,1.6629089952425695,0,0,-0.4863374216869257,2,1,1,2
0,3,1,-0.10463740114712752,0,0,-0.4894421904510968,2,1,1,2
1,1,1,0.6638610320657843,1,0,1.163700193253568,2,2,0,2
0,3,1,-0.5657364610748746,0,0,-0.4601623283443675,2,1,1,2
1,2,1,-0.7962859910387481,0,0,-0.43700743807979686,2,1,1,2
0,3,1,-0.6810112260568114,0,0,-0.5024451714361923,2,1,1,2
0,2,1,-0.8731358343600393,0,0,-0.3866707201133388,2,1,1,2
0,3,0,-0.10463740114712752,3,1,-0.13565761536436197,2,5,0,1
1,1,0,0.4333115021019107,1,0,1.0323213593611125,2,2,0,3
0,3,1,-0.027787557825836348,0,0,-0.4918744606632361,2,1,1,2
0,2,1,2.277707741812899,0,0,-0.3766033765200472,2,1,1,2
1,3,0,-1.8721837975368247,4,2,-0.016444159470040135,2,7,0,1
0,2,1,-0.41203677443229225,0,0,-0.43700743807979686,2,1,1,2
0,3,0,-0.10463740114712752,0,0,-0.49640476528021726,2,1,1,1
0,2,1,1.1249600919935314,1,0,-0.12491978668775715,2,2,0,2
1,2,0,-1.6416342675729512,0,2,-0.11988611489111134,2,3,0,1
0,2,1,-0.7962859910387481,0,0,-0.43700743807979686,2,1,1,2
0,2,1,0.27961181545932834,0,0,-0.4012683683236117,2,1,1,2
0,3,0,-0.10463740114712752,1,0,-0.3573908580066095,0,2,0,1
1,3,0,-0.10463740114712752,1,0,-0.3363340021468808,1,2,0,1
0,2,1,-0.027787557825836348,0,0,-0.43700743807979686,2,1,1,2
0,3,1,-0.5657364610748746,0,0,-0.5049620073345151,2,1,1,2
0,3,1,0.04906228549545483,0,0,-0.5029485386158568,0,1,1,2
0,1,1,1.1249600919935314,2,0,1.163700193253568,1,3,0,4
0,3,0,-0.33518693111100106,0,0,-0.4918744606632361,2,1,1,1
1,2,0,-0.41203677443229225,0,2,-0.35646868933346404,2,3,0,3
1,1,1,0.5870111887444931,1,1,0.40974072380221066,2,3,0,2
0,2,1,1.893458525206443,1,0,-0.12491978668775715,2,2,0,4
0,3,1,-0.10463740114712752,0,0,-0.5024451714361923,2,1,1,2
0,3,0,-0.027787557825836348,1,1,-0.43776248884929375,2,3,0,3
0,1,1,2.5082572717767726,0,0,-0.11384570873513637,2,1,1,2
0,3,1,0.04906228549545483,1,0,-0.32425318983493084,2,2,0,2
0,3,0,0.8944105620296577,0,2,-0.2414492887801075,2,3,0,3
1,3,0,-0.027787557825836348,0,2,-0.3414522396297103,0,3,0,3
1,1,0,-0.10463740114712752,0,0,0.9462455716384695,0,1,1,3
1,1,0,0.04906228549545483,0,0,1.093228788100527,2,1,1,1
1,1,0,0.4333115021019107,0,0,9.667166525013505,0,1,1,1
1,2,0,1.5860591519212783,0,1,-0.12491978668775715,2,2,0,3
0,3,1,-0.10463740114712752,0,0,-0.49237782784290063,1,1,1,2
1,3,1,-2.025883484179407,4,2,-0.016444159470040135,2,7,0,0
0,1,1,1.7397588385638607,1,1,0.955306180872432,2,3,0,2
0,1,1,0.8175607187083667,0,0,-0.6484216535389205,2,1,1,2
0,3,0,-0.10463740114712752,0,0,-0.49237782784290063,1,1,1,1
0,2,1,0.5101613454232019,0,0,-0.43700743807979686,2,1,1,2
0,3,1,-1.0268355210026217,4,1,0.1506737441786005,2,6,0,2
1,3,1,-0.33518693111100106,1,0,-0.4918744606632361,2,2,0,2
1,1,0,2.200857898491608,0,1,2.441497778832105,2,2,0,3
1,1,0,0.4333115021019107,0,0,2.0825124140450755,2,1,1,1
0,1,1,-0.10463740114712752,0,0,-0.024246350754841113,2,1,1,2
1,3,1,-0.33518693111100106,0,0,-0.6484216535389205,2,1,1,2
1,2,0,0.8944105620296577,0,1,-0.255795253400548,2,2,0,3
0,1,1,0.5870111887444931,0,1,-0.05042144409739929,0,2,0,2
1,3,0,-0.10463740114712752,0,0,-0.49237782784290063,1,1,1,1
1,1,0,2.585107115098064,1,0,0.921244330558889,2,2,0,1
0,3,0,1.2018099353148226,0,0,-0.49237782784290063,2,1,1,1
0,2,1,-0.10463740114712752,0,0,-0.6484216535389205,2,1,1,2
0,3,1,-1.7184841108942424,4,1,-0.06199888922968463,1,6,0,0
1,3,0,0.4333115021019107,1,1,-0.24069423801061057,2,3,0,3
0,3,1,2.738806801740646,0,0,-0.49237782784290063,1,1,1,2
0,3,1,-0.10463740114712752,0,0,-0.4902797934380587,2,1,1,2
0,3,1,-1.0268355210026217,0,0,-0.45714212526638004,2,1,1,2
1,3,1,-0.7962859910387481,0,0,-0.4863374216869257,2,1,1,2
0,1,1,-0.10463740114712752,0,0,-0.12491978668775715,2,1,1,2
0,3,1,0.27961181545932834,0,0,-0.47400492578514347,0,1,1,2
1,3,1,0.04906228549545483,0,0,-0.45714212526638004,2,1,1,2
0,3,1,-0.5657364610748746,0,0,-0.4894421904510968,2,1,1,2
1,2,1,0.9712604053509489,0,0,-0.3866707201133388,2,1,1,2
1,3,0,-0.5657364610748746,0,0,-0.49237782784290063,1,1,1,1
1,1,0,-0.2583370877897099,0,0,0.9391984311231651,2,1,1,1
1,1,0,-0.7962859910387481,1,0,1.1854295476653287,0,2,0,3
0,2,1,0.5101613454232019,0,0,-0.3891875560116617,0,1,1,2
0,3,0,-0.41203677443229225,0,0,-0.4702296719376591,2,1,1,1
0,3,1,-0.41203677443229225,0,0,-0.4894421904510968,2,1,1,2
0,1,1,-0.10463740114712752,0,0,-0.09027201697708476,0,1,1,2
0,3,1,-0.45046169609293785,0,0,-0.5028639729296732,0,1,1,2
0,1,0,-2.1027333275006983,1,2,2.4029901895877646,2,4,0,1
1,1,1,-0.10463740114712752,0,0,-0.034313694348132716,2,1,1,2
1,1,0,1.5860591519212783,0,1,4.335332226633905,0,2,0,3
1,3,0,-0.10463740114712752,0,0,-0.49237782784290063,1,1,1,1
1,3,1,-0.10463740114712752,2,0,-0.18029017645086096,1,3,0,2
0,3,1,-0.7962859910387481,0,0,-0.6484216535389205,2,1,1,2
1,2,0,-0.10463740114712752,0,0,-0.3997582667846179,1,1,1,1
0,3,1,-0.10463740114712752,0,0,-0.4863374216869257,2,1,1,2
1,1,1,-2.1857311582876924,1,2,2.4029901895877646,2,4,0,0
1,1,0,-0.10463740114712752,0,0,1.5841789061771412,0,1,1,1
1,1,0,-0.9499856776813305,1,0,1.5442457810799908,0,2,0,3
0,2,1,0.04906228549545483,1,0,-0.16518916106092355,0,2,0,2
1,1,0,0.04906228549545483,0,0,0.49782998024351216,0,1,1,1
1,1,0,-0.41203677443229225,0,0,1.0259447039291216,0,1,1,1
1,1,0,-0.8731358343600393,2,2,4.634416897040849,0,5,0,1
0,2,0,-0.2583370877897099,1,1,-0.12491978668775715,2,3,0,3
0,3,1,-0.10463740114712752,0,0,-0.4894421904510968,2,1,1,2
0,2,1,1.0481102486722402,1,1,-0.11988611489111134,2,3,0,2
1,3,0,-0.2583370877897099,0,0,-0.4902797934380587,2,1,1,1
1,2,0,-0.41203677443229225,1,0,-0.12491978668775715,2,2,0,3
0,2,1,1.893458525206443,0,0,-0.36653603292675563,2,1,1,4
1,1,0,0.12591212881674602,0,2,2.671117778445337,2,3,0,1
1,1,0,0.8175607187083667,1,1,2.059693773056521,0,3,0,3
0,3,1,-0.5657364610748746,0,0,-0.5024451714361923,2,1,1,2
0,3,1,-0.1814872444684187,0,0,-0.4894421904510968,2,1,1,2
1,2,0,0.04906228549545483,0,0,-0.3997582667846179,1,1,1,1
1,2,0,-0.5657364610748746,1,1,-0.06451572512800753,2,3,0,3
0,3,1,-0.10463740114712752,8,2,0.7519458402879414,2,11,0,2
1,1,0,0.5101613454232019,0,0,2.0825124140450755,0,1,1,1
0,3,1,2.4314074284554814,0,0,-0.5228315422126077,2,1,1,2
1,2,0,0.5101613454232019,0,0,-0.3866707201133388,2,1,1,3
1,3,0,0.12591212881674602,1,1,-0.2351571990343002,2,3,0,3
1,1,0,-1.0268355210026217,0,1,0.5189714017894245,0,2,0,1
1,3,0,-0.10463740114712752,2,0,-0.18029017645086096,1,3,0,1
0,1,1,1.2402348569754682,0,0,-0.07458306872129913,2,1,1,2
0,1,1,0.6638610320657843,0,1,2.441497778832105,2,2,0,2
0,3,1,-1.0268355210026217,2,0,-0.2859972841804228,2,3,0,2
1,1,0,-0.10463740114712752,1,0,2.042579288947925,2,2,0,3
0,3,1,-0.10463740114712752,0,0,-0.4894421904510968,2,1,1,2
0,1,1,-0.027787557825836348,1,0,0.6925485130875209,2,2,0,2
1,1,0,0.8944105620296577,0,0,2.059693773056521,0,1,1,1
1,3,1,1.2018099353148226,0,0,-0.4863374216869257,2,1,1,2
0,1,1,1.2018099353148226,0,0,0.06635974158478332,2,1,1,2
1,2,1,-2.1027333275006983,1,1,-0.12491978668775715,2,3,0,0
1,1,0,-0.41203677443229225,3,2,4.647001076532463,2,6,0,1
0,2,1,-0.10463740114712752,0,0,-0.3866707201133388,2,1,1,2
0,2,1,-0.33518693111100106,0,0,-0.3866707201133388,2,1,1,2
0,2,1,0.5101613454232019,0,0,-0.3866707201133388,2,1,1,2
1,2,0,-0.41203677443229225,0,0,-0.3866707201133388,2,1,1,1
1,2,0,0.8175607187083667,0,0,-0.3866707201133388,2,1,1,1
1,3,0,-0.10463740114712752,1,0,-0.32425318983493084,2,2,0,3
1,3,1,-2.025883484179407,1,1,-0.32828012727224753,2,3,0,0
0,3,1,0.9712604053509489,0,0,-0.47400492578514347,2,1,1,2
0,3,1,-0.48888661775358344,0,0,-0.4626791642426904,2,1,1,2
0,1,1,-0.10463740114712752,0,0,0.05629239799149171,2,1,1,2
0,3,1,-1.1036853643239128,1,1,-0.5028639729296732,0,3,0,2
0,3,1,-0.33518693111100106,1,0,-0.29002422161773944,2,2,0,2
0,3,1,-0.10463740114712752,0,0,-0.5029485386158568,0,1,1,2
0,3,1,-0.10463740114712752,0,0,-0.45714212526638004,2,1,1,2
1,1,0,-0.5657364610748746,0,1,0.4589861417231558,2,2,0,1
0,2,0,0.6638610320657843,0,0,-0.3866707201133388,2,1,1,1
1,3,0,-0.10463740114712752,0,0,-0.48977642625839407,1,1,1,1
1,3,0,-0.10463740114712752,0,0,-0.48977642625839407,1,1,1,1
0,3,1,0.8175607187083667,1,4,-0.08666388103324908,2,6,0,2
0,2,1,-0.027787557825836348,1,0,-0.09027201697708476,0,2,0,2
0,3,0,1.2018099353148226,0,1,-0.3573908580066095,0,2,0,3
0,3,1,0.4333115021019107,0,0,-0.5064721088735089,2,1,1,2
0,3,1,-0.10463740114712752,1,0,-0.3363340021468808,1,2,0,2
0,3,1,0.04906228549545483,0,0,-0.5024451714361923,2,1,1,2
1,1,0,2.3545575851341902,1,0,0.8667135572514657,0,2,0,3
1,3,0,-0.10463740114712752,0,0,-0.5028639729296732,0,1,1,3
1,3,0,-0.10463740114712752,0,0,-0.49237782784290063,1,1,1,1
1,1,0,-0.41203677443229225,0,0,0.7469121684912956,0,1,1,3
1,1,1,-0.33518693111100106,1,0,0.4678796330534696,0,2,0,2
0,3,1,-0.8731358343600393,1,0,-0.5176307525123133,2,2,0,2
0,3,1,-0.7962859910387481,0,0,-0.4863374216869257,2,1,1,2
0,1,1,-0.5657364610748746,0,0,2.0825124140450755,0,1,1,2
0,3,0,-2.025883484179407,3,1,-0.22408312108167944,2,5,0,1
1,1,0,-0.10463740114712752,1,0,1.0060617003323709,0,2,0,3
1,3,0,-0.5657364610748746,0,0,-0.5024451714361923,2,1,1,1
0,1,1,-0.1814872444684187,0,2,3.610064686423428,0,3,0,2
0,3,1,-0.719436147717457,0,0,-0.5676312212027554,0,1,1,2
0,3,1,-0.7962859910387481,0,0,-0.4918744606632361,2,1,1,2
1,1,0,0.9712604053509489,0,0,3.9327230485884233,0,1,1,1
1,3,0,-2.1795831708219895,0,2,-0.33146744825388363,0,3,0,1
0,3,1,0.20276197213803718,0,0,-0.4888542575852486,2,1,1,2
1,1,0,0.4333115021019107,1,0,0.39858208016340624,2,2,0,3
0,3,1,-0.10463740114712752,0,0,-0.4894421904510968,2,1,1,2
0,2,1,-0.8731358343600393,0,0,0.8314778546749452,2,1,1,2
0,3,1,-2.1795831708219895,5,2,0.2958951755118318,2,8,0,0
1,2,0,0.5101613454232019,0,0,-0.3866707201133388,2,1,1,1
0,3,1,-0.10463740114712752,0,0,-0.49279662933638163,1,1,1,2
1,2,0,-0.9499856776813305,0,0,-0.40680540729992204,0,1,1,1
1,1,1,0.5101613454232019,1,2,1.7677408088510642,2,4,0,2
1,3,1,-0.6425863043961658,0,0,-0.49145565916975514,2,1,1,2
0,3,1,-0.10463740114712752,2,0,-0.4888542575852486,2,3,0,2
1,1,0,-0.48888661775358344,1,0,1.6323350375212924,0,2,0,1
1,3,0,-0.41203677443229225,0,2,-0.312172377522981,2,3,0,3
0,3,1,-0.5657364610748746,0,0,-0.49145565916975514,2,1,1,2
0,3,0,0.12591212881674602,0,0,-0.4902797934380587,2,1,1,1
0,2,1,1.2786597786361138,0,0,-0.12491978668775715,2,1,1,2
0,2,1,-0.48888661775358344,0,0,-0.43700743807979686,2,1,1,4
1,2,0,-0.10463740114712752,0,0,-0.393717860628643,2,1,1,3
1,3,1,0.7407108753870755,0,0,-0.4888542575852486,2,1,1,2
0,3,1,-0.2583370877897099,0,0,-0.4863374216869257,2,1,1,2
0,3,0,-0.6425863043961658,1,0,-0.4505983519307405,2,2,0,1
0,3,1,-0.10463740114712752,1,0,-0.32928686163157667,2,2,0,2
0,3,0,-0.719436147717457,0,0,-0.47400492578514347,2,1,1,1
0,2,1,0.35646165878061953,1,0,-0.22559322262067316,2,2,0,2
0,3,1,1.6629089952425695,0,0,-0.49237782784290063,2,1,1,2
1,2,1,-2.025883484179407,1,1,-0.2708962687904854,2,3,0,0
0,3,1,-0.6425863043961658,0,0,-0.4918744606632361,2,1,1,2
0,3,0,-0.10463740114712752,3,1,-0.13565761536436197,2,5,0,1
0,3,1,-0.10463740114712752,0,0,-0.4894421904510968,2,1,1,2
0,3,1,-0.10463740114712752,0,0,-0.5103319284071769,1,1,1,2
1,1,0,0.27961181545932834,1,0,1.163700193253568,1,2,0,1
0,2,1,-0.10463740114712752,0,0,-0.6484216535389205,2,1,1,2
1,3,1,1.1249600919935314,0,0,-0.4888542575852486,2,1,1,2
0,3,0,-0.10463740114712752,0,0,-0.4863374216869257,2,1,1,3
1,2,0,0.35646165878061953,1,1,0.005955680025033696,2,3,0,3
1,2,0,-0.8731358343600393,0,2,-0.3866707201133388,2,3,0,1
0,2,1,0.04906228549545483,0,0,-0.3866707201133388,2,1,1,2
0,3,0,-1.4879345809303688,0,2,-0.1621689579829361,2,3,0,1
0,3,1,-0.10463740114712752,0,0,-0.4894421904510968,0,1,1,2
0,3,1,-0.6425863043961658,0,0,-0.49271407711891657,1,1,1,2
0,3,1,-0.027787557825836348,0,0,-0.4898609919445778,2,1,1,2
0,3,0,-0.10463740114712752,1,1,-0.35848215805212236,2,3,0,3
0,3,1,-0.8731358343600393,1,1,-0.2414492887801075,2,3,0,2
0,3,1,-0.10463740114712752,0,0,-0.5024451714361923,2,1,1,2
1,2,0,-0.10463740114712752,1,0,-0.12491978668775715,2,2,0,3
1,2,0,-0.7962859910387481,0,0,-0.12491978668775715,2,1,1,1
0,3,1,-0.10463740114712752,0,0,-0.49237782784290063,1,1,1,2
1,3,1,0.20276197213803718,0,0,-0.4863374216869257,2,1,1,2
1,1,1,-0.10463740114712752,0,0,-0.11384570873513637,2,1,1,2
1,3,0,-0.10463740114712752,1,0,-0.32425318983493084,2,2,0,3
1,2,0,0.9712604053509489,1,0,-0.12491978668775715,2,2,0,3
0,3,1,-0.9499856776813305,0,0,-0.5049620073345151,2,1,1,2
0,1,1,1.5860591519212783,1,0,0.4771073601910807,2,2,0,2
1,1,0,-1.180535207645204,1,2,1.7677408088510642,2,4,0,1
0,3,0,-0.6425863043961658,2,2,0.04370821849987721,2,5,0,1
1,2,0,-0.41203677443229225,2,3,-0.2708962687904854,2,6,0,3
0,1,1,2.661956958419355,1,4,4.647001076532463,2,6,0,2
0,2,1,0.12591212881674602,0,0,-0.43700743807979686,2,1,1,2
1,2,0,1.2018099353148226,1,1,-0.11988611489111134,2,3,0,3
0,3,1,-0.719436147717457,0,0,-0.45714212526638004,2,1,1,2
0,3,1,-0.33518693111100106,1,0,-0.4918744606632361,2,2,0,2
1,2,0,-0.10463740114712752,0,0,-0.3866707201133388,2,1,1,1
1,3,1,-0.10463740114712752,0,0,-0.48507900373776425,2,1,1,2
1,1,1,-1.949033640858116,0,2,0.9997696105865636,2,3,0,0
1,2,0,-1.2573850509664952,0,1,-0.255795253400548,2,2,0,1
1,1,1,0.35646165878061953,0,0,-0.11384570873513637,2,1,1,2
1,3,0,-1.8721837975368247,2,1,-0.26066180729354516,0,4,0,1
1,1,1,1.7397588385638607,0,0,-0.034313694348132716,2,1,1,4
0,2,1,0.5101613454232019,1,2,-0.08968408411123653,2,4,0,2
0,3,1,-0.10463740114712752,1,0,-0.2463983948905696,2,2,0,2
0,1,1,0.04906228549545483,0,0,-0.08968408411123653,0,1,1,2
1,1,1,1.5092093085999871,1,0,1.145663540471827,0,2,0,2
0,3,1,-0.10463740114712752,0,0,-0.4863374216869257,2,1,1,2
1,3,1,-0.027787557825836348,0,0,-0.4894421904510968,0,1,1,2
0,1,1,2.738806801740646,0,0,-0.11384570873513637,2,1,1,2
1,1,0,-0.10463740114712752,1,0,0.395813560675251,2,2,0,3
1,2,0,1.5860591519212783,0,0,-0.43700743807979686,2,1,1,1
0,3,1,-0.10463740114712752,0,0,-0.49237782784290063,1,1,1,2
1,1,1,1.432359465278696,0,0,-0.11384570873513637,2,1,1,2
0,3,1,0.35646165878061953,0,0,-0.4863374216869257,2,1,1,2
0,1,1,1.3555096219574048,0,0,0.12676380314453292,2,1,1,2
0,2,1,1.432359465278696,0,0,-0.3866707201133388,2,1,1,2
0,3,1,-0.10463740114712752,0,0,-0.4863374216869257,2,1,1,2
0,3,1,0.6638610320657843,0,0,-0.5064721088735089,2,1,1,2
0,2,1,-0.10463740114712752,0,0,-0.6484216535389205,2,1,1,2
0,1,1,2.0471582118490255,0,0,-0.11384570873513637,2,1,1,2
0,3,1,-0.10463740114712752,0,0,-0.4928811950225652,1,1,1,2
1,3,0,-2.1987956316523123,2,1,-0.26066180729354516,0,4,0,1
0,3,1,-0.10463740114712752,0,0,-0.5024451714361923,2,1,1,2
0,3,1,0.6638610320657843,0,0,-0.47400492578514347,2,1,1,2
1,2,0,0.27961181545932834,1,2,-0.08968408411123653,2,4,0,3
1,2,0,-0.48888661775358344,0,0,-0.3707300882677209,0,1,1,3
0,3,0,-0.5657364610748746,0,0,-0.45034666834090825,2,1,1,1
0,1,1,-0.10463740114712752,0,0,0.39858208016340624,2,1,1,2
0,2,1,0.35646165878061953,1,0,-0.22559322262067316,2,2,0,2
0,3,1,-0.027787557825836348,1,0,-0.5065566745596926,2,2,0,2
0,3,1,-0.5657364610748746,0,0,-0.4969926981460655,2,1,1,2
1,3,0,-2.1027333275006983,0,1,-0.4010166847337793,2,2,0,1
0,3,1,-1.56478442425166,5,2,0.2958951755118318,2,8,0,0
0,2,1,-0.10463740114712752,0,0,-0.6484216535389205,2,1,1,2
0,3,1,1.5860591519212783,0,0,-0.4863374216869257,2,1,1,2
1,3,0,2.585107115098064,0,0,-0.455380340137554,2,1,1,3
1,1,1,-0.33518693111100106,1,0,1.1854295476653287,0,2,0,2
0,3,0,-0.10463740114712752,3,1,-0.13565761536436197,2,5,0,1
1,1,0,0.4333115021019107,1,0,1.163700193253568,2,2,0,3
0,1,1,2.200857898491608,0,0,-0.05042144409739929,0,1,1,2
0,3,1,0.04906228549545483,0,0,-0.4863374216869257,2,1,1,2
1,3,1,-1.56478442425166,1,1,-0.32828012727224753,2,3,0,0
0,3,1,-0.10463740114712752,1,0,-0.2463983948905696,2,2,0,2
0,3,1,-0.6425863043961658,0,0,-0.5024451714361923,2,1,1,2
0,1,1,1.9703083685277343,0,0,-0.034313694348132716,2,1,1,2
0,1,1,3.1999058616683933,0,0,0.3483299278831318,0,1,1,2
0,3,1,-0.6425863043961658,0,0,-0.4863374216869257,2,1,1,2
0,3,1,-0.10463740114712752,0,0,-0.3573083057891445,0,1,1,2
1,1,0,1.893458525206443,1,0,0.9274538680872313,0,2,0,1
0,3,1,-0.10463740114712752,0,0,-0.3443878770215141,2,1,1,2
0,1,0,-0.33518693111100106,1,2,2.4029901895877646,2,4,0,3
0,3,1,-0.41203677443229225,0,0,-0.49145565916975514,2,1,1,2
0,3,1,-0.9499856776813305,0,0,-0.47400492578514347,2,1,1,2
0,3,0,-0.6425863043961658,0,0,-0.49237782784290063,1,1,1,1
0,3,0,-0.10463740114712752,0,0,-0.4948100980550399,1,1,1,1
0,3,0,0.5870111887444931,0,0,-0.455380340137554,2,1,1,1
1,1,0,-1.0268355210026217,0,0,1.093228788100527,2,1,1,1
0,1,1,-0.8731358343600393,1,0,1.5442457810799908,0,2,0,2
1,2,0,0.27961181545932834,0,2,-0.12491978668775715,2,3,0,3
1,1,1,-0.10463740114712752,0,0,-0.11384570873513637,2,1,1,2
0,3,1,-0.10463740114712752,0,0,-0.1948878246611338,2,1,1,2
1,3,1,-0.2583370877897099,0,0,0.48910360681684706,2,1,1,2
1,3,1,-0.027787557825836348,0,0,-0.49237782784290063,1,1,1,2
0,3,1,-0.10463740114712752,0,0,-0.4863374216869257,2,1,1,2
1,1,1,0.5101613454232019,0,0,-0.11913106412161445,2,1,1,2
1,1,0,1.893458525206443,1,0,0.5475787653441219,0,2,0,3
0,3,1,-0.41203677443229225,0,0,-0.4974960653257301,2,1,1,2
0,1,1,1.3555096219574048,0,0,0.036576512298389464,2,1,1,2
1,2,0,0.35646165878061953,0,0,-0.43700743807979686,2,1,1,3
0,3,1,-0.10463740114712752,0,0,-0.1621689579829361,1,1,1,2
1,2,0,0.5101613454232019,1,0,-0.12491978668775715,2,2,0,3
0,3,1,0.20276197213803718,0,0,-0.4894421904510968,2,1,1,2
1,1,0,0.04906228549545483,0,0,1.2341715984066093,2,1,1,1
0,3,1,-0.5657364610748746,0,0,-0.4894421904510968,2,1,1,2
0,3,1,-0.10463740114712752,0,0,-0.5029485386158568,0,1,1,2
1,1,0,1.1249600919935314,0,1,0.5189714017894245,0,2,0,3
0,3,1,-0.10463740114712752,0,0,-0.5028639729296732,0,1,1,2
0,3,1,0.8559856403690123,0,0,-0.49237782784290063,1,1,1,2
1,2,0,1.5860591519212783,0,0,-0.43700743807979686,2,1,1,1
0,1,1,-0.10463740114712752,0,0,3.817033162951754,2,1,1,2
0,3,1,0.7407108753870755,0,0,-0.4888542575852486,2,1,1,2
0,2,1,-0.48888661775358344,2,1,-0.41687275089321363,2,4,0,2
1,2,0,-2.1027333275006983,1,1,-0.12491978668775715,2,3,0,1
0,3,1,-0.10463740114712752,0,0,-0.5028639729296732,0,1,1,2
0,3,1,-0.9499856776813305,1,1,-0.5028639729296732,0,3,0,2
1,3,0,-0.10463740114712752,0,2,-0.19824427701513722,0,3,0,3
0,3,0,0.04906228549545483,0,0,-0.47400492578514347,2,1,1,1
1,2,0,-1.7184841108942424,0,2,-0.11988611489111134,2,3,0,1
0,1,1,1.2018099353148226,0,0,-0.11384570873513637,2,1,1,4
1,1,0,0.04906228549545483,0,0,1.4944124302931971,0,1,1,1
0,3,1,-0.10463740114712752,0,0,-0.35646868933346404,2,1,1,2
1,1,0,-0.5657364610748746,0,2,0.3482453621969482,0,3,0,1
1,1,0,0.5101613454232019,0,2,0.7811411367084872,2,3,0,1
0,3,0,-1.56478442425166,4,2,-0.01870931177853076,2,7,0,1
0,3,0,-1.4110847376090776,4,2,-0.01870931177853076,2,7,0,1
1,2,1,0.20276197213803718,1,0,-0.12491978668775715,2,2,0,2
0,1,1,1.5860591519212783,1,0,1.4944124302931971,0,2,0,2
0,1,1,2.661956958419355,0,0,-0.12491978668775715,2,1,1,2
1,2,0,-0.7962859910387481,1,0,-0.12491978668775715,2,2,0,3
1,2,1,-0.10463740114712752,0,0,-0.3693045524149108,0,1,1,2
0,3,1,0.27961181545932834,1,1,-0.2351571990343002,2,3,0,2
1,2,1,-1.6416342675729512,1,1,0.09152810056801232,2,3,0,0
1,1,1,-0.9499856776813305,0,2,1.5841789061771412,0,3,0,2
0,2,1,-0.1814872444684187,0,0,-0.12491978668775715,2,1,1,2
0,3,1,-0.10463740114712752,0,0,-0.49078316061772326,1,1,1,2
1,3,1,-0.5657364610748746,0,0,-0.5029485386158568,0,1,1,2
1,3,0,-0.5657364610748746,0,0,-0.4918744606632361,2,1,1,1
0,1,1,2.5082572717767726,0,0,-0.11384570873513637,2,1,1,2
1,1,0,1.432359465278696,1,0,0.1489119590497745,0,2,0,4
0,1,1,-0.10463740114712752,0,0,3.9327230485884233,0,1,1,2
1,1,0,0.7407108753870755,1,1,0.955306180872432,2,3,0,3
1,3,0,0.5101613454232019,1,0,-0.29807809649237277,2,2,0,3
0,3,1,-0.10463740114712752,0,0,-0.49237782784290063,1,1,1,2
0,3,1,0.8175607187083667,0,0,-0.4894421904510968,2,1,1,2
0,2,1,-0.10463740114712752,0,0,-0.3766033765200472,2,1,1,2
0,3,1,-0.10463740114712752,0,0,-0.4863374216869257,2,1,1,2
0,3,0,-0.10463740114712752,0,0,-0.4863374216869257,2,1,1,1
0,3,1,-0.41203677443229225,2,0,-0.1621689579829361,2,3,0,2
0,3,1,-0.7962859910387481,0,0,-0.4894421904510968,2,1,1,2
0,3,0,-0.027787557825836348,0,4,-0.22408312108167944,2,5,0,3
0,3,1,-0.10463740114712752,0,0,-0.5028639729296732,0,1,1,2
1,3,1,0.20276197213803718,0,0,-0.4902797934380587,2,1,1,2
1,2,1,2.5082572717767726,0,0,-0.43700743807979686,2,1,1,2
1,1,0,1.816608681885152,2,0,0.38809593507663365,2,3,0,3
1,1,1,0.5101613454232019,0,0,-0.11711759540295616,2,1,1,2
1,3,0,-0.10463740114712752,0,0,-0.49237782784290063,1,1,1,1
0,3,1,-1.0268355210026217,0,0,-0.4863374216869257,2,1,1,2
0,3,1,-0.7962859910387481,0,0,-0.35646868933346404,2,1,1,2
1,2,0,0.35646165878061953,0,0,-0.3866707201133388,2,1,1,1
1,1,0,0.7407108753870755,1,0,0.4771073601910807,2,2,0,3
0,3,0,-0.10463740114712752,1,0,-0.3573083057891445,0,2,0,3
1,3,1,0.20276197213803718,0,0,-0.4888542575852486,2,1,1,2
1,2,0,-0.33518693111100106,1,1,-0.04438103794142432,2,3,0,1
1,1,0,0.7407108753870755,1,1,1.5841789061771412,0,3,0,3
0,2,1,1.893458525206443,0,0,-0.12491978668775715,2,1,1,2
0,1,1,0.5101613454232019,0,0,0.15948266982273065,0,1,1,2
0,3,1,-0.10463740114712752,0,0,-0.47299819142581434,0,1,1,2
1,1,0,-0.8731358343600393,0,2,0.955306180872432,2,3,0,1
0,2,1,1.3555096219574048,0,0,-0.3464013457401724,2,1,1,2
1,1,1,2.3545575851341902,1,1,0.9462455716384695,0,3,0,2
0,3,1,-0.5657364610748746,0,0,-0.4863374216869257,2,1,1,2
0,3,1,-0.10463740114712752,0,0,-0.4863374216869257,2,1,1,2
0,3,1,0.4333115021019107,0,0,-0.5049620073345151,2,1,1,2
1,1,0,1.7397588385638607,1,0,0.9274538680872313,0,2,0,3
0,3,1,1.3555096219574048,0,0,-0.5024451714361923,2,1,1,2
0,3,0,-0.10463740114712752,0,2,-0.49237782784290063,1,3,0,1
0,2,1,0.5870111887444931,1,0,-0.12491978668775715,2,2,0,2
0,3,1,0.5101613454232019,1,1,-0.1621689579829361,2,3,0,2
1,2,0,-0.10463740114712752,0,0,0.016023023618325298,2,1,1,1
0,3,1,1.5092093085999871,0,0,-0.6484216535389205,2,1,1,2
0,3,1,-0.10463740114712752,0,0,-0.5029485386158568,0,1,1,2
1,1,1,1.5092093085999871,1,0,0.49782998024351216,0,2,0,4
1,2,0,-0.41203677443229225,2,1,-0.10478509950117394,2,4,0,3
0,3,1,-0.10463740114712752,0,0,-0.4894421904510968,2,1,1,2
0,1,1,-0.10463740114712752,0,0,0.2052890831722074,2,1,1,2
0,3,1,1.1249600919935314,0,0,-0.4863374216869257,2,1,1,2
1,1,1,0.4333115021019107,0,0,-0.11384570873513637,0,1,1,2
0,3,1,0.5101613454232019,1,0,-0.3353272677875516,2,2,0,2
0,3,1,0.04906228549545483,0,0,-0.4894421904510968,2,1,1,2
1,1,1,-0.1814872444684187,0,0,-0.034313694348132716,2,1,1,2
1,2,0,-0.5657364610748746,1,2,0.18876253192945994,0,4,0,3
1,1,0,0.8175607187083667,0,0,2.441497778832105,2,1,1,1
0,3,0,0.7407108753870755,1,5,-0.01870931177853076,2,7,0,3
0,3,1,-0.10463740114712752,0,0,-0.5064721088735089,2,1,1,2
1,3,0,-0.10463740114712752,1,0,-0.3363340021468808,1,2,0,1
0,3,1,-0.10463740114712752,0,0,-0.49237782784290063,1,1,1,2
0,3,1,0.4333115021019107,0,0,-0.4863374216869257,2,1,1,2
1,2,0,-0.41203677443229225,1,2,0.6603330135889879,2,4,0,1
0,3,1,0.35646165878061953,1,1,-0.35848215805212236,2,3,0,2
0,3,0,-0.2583370877897099,1,0,-0.32425318983493084,2,2,0,3
1,2,0,-1.949033640858116,2,1,0.13683114673782454,2,4,0,1
0,2,1,-0.2583370877897099,0,0,-0.43700743807979686,2,1,1,2
0,3,1,-0.1814872444684187,1,0,-0.3573908580066095,0,2,0,2
1,1,1,0.9712604053509489,1,0,0.40974072380221066,2,2,0,2
1,3,1,-0.719436147717457,1,1,-0.33146744825388363,0,3,0,2
0,3,1,-0.6425863043961658,0,0,-0.4902797934380587,2,1,1,2
0,3,1,-0.6425863043961658,0,0,-0.32425318983493084,2,1,1,2
0,1,1,2.4314074284554814,0,0,0.002347544081197954,2,1,1,2
0,2,1,2.1240080551703167,0,0,-0.3997582667846179,1,1,1,4
1,1,0,-0.6425863043961658,0,0,0.921244330558889,2,1,1,1
0,3,1,-0.2583370877897099,0,0,-0.4894421904510968,2,1,1,2
0,3,1,-0.10463740114712752,0,0,-0.49271407711891657,1,1,1,2
1,1,1,3.8915544515600136,0,0,-0.04438103794142432,2,1,1,2
0,3,1,1.6629089952425695,0,0,-0.5063875431873253,2,1,1,2
1,1,1,0.20276197213803718,0,0,-0.034313694348132716,0,1,1,4
0,1,1,-0.10463740114712752,0,0,-0.6484216535389205,2,1,1,2
0,3,0,-1.56478442425166,3,2,-0.08666388103324908,2,6,0,1
1,2,0,-0.10463740114712752,0,0,-0.3866707201133388,2,1,1,1
0,3,1,0.20276197213803718,0,0,-0.4888542575852486,2,1,1,2
0,2,1,0.12591212881674602,1,1,-0.11988611489111134,2,3,0,2
0,3,0,0.8944105620296577,0,5,0.1506737441786005,2,6,0,3
0,3,1,-0.10463740114712752,1,0,-0.32425318983493084,2,2,0,2
0,3,1,-0.719436147717457,0,0,-0.4902797934380587,2,1,1,2
1,1,0,-0.41203677443229225,0,0,0.7469121684912956,0,1,1,1
0,3,0,-2.1027333275006983,3,2,-0.08666388103324908,2,6,0,1
1,3,1,-0.10463740114712752,0,0,0.48910360681684706,2,1,1,2
1,3,0,-2.1987956316523123,2,1,-0.26066180729354516,0,4,0,1
1,1,1,1.432359465278696,1,0,0.8964967865378598,0,2,0,2
0,3,1,-0.7962859910387481,0,0,-0.4894421904510968,2,1,1,2
1,1,1,2.0471582118490255,0,0,0.06635974158478332,0,1,1,4
0,3,1,-0.10463740114712752,0,0,-0.49640476528021726,2,1,1,2
1,3,0,-0.48888661775358344,0,0,-0.49640476528021726,2,1,1,1
0,3,1,-0.10463740114712752,0,0,-0.4894421904510968,2,1,1,2
1,2,0,-0.8731358343600393,0,1,-0.18532384824750675,2,2,0,1
0,3,1,-0.6425863043961658,0,0,-0.47861979608830835,2,1,1,2
1,3,0,-0.10463740114712752,0,0,-0.49078316061772326,1,1,1,1
0,3,0,-0.8731358343600393,0,0,-0.5125125150294839,1,1,1,1
0,2,1,-0.41203677443229225,2,0,0.8314778546749452,2,3,0,2
0,3,1,-0.10463740114712752,0,0,-0.4894421904510968,2,1,1,2
0,3,0,0.20276197213803718,1,1,-0.3363340021468808,1,3,0,3
0,2,1,-0.48888661775358344,0,0,-0.3866707201133388,2,1,1,2
0,1,1,2.200857898491608,0,2,1.6323350375212924,0,3,0,2
1,1,1,1.5860591519212783,2,0,2.042579288947925,2,3,0,4
0,3,1,0.8175607187083667,0,0,-0.5029485386158568,0,1,1,2
0,1,1,1.3555096219574048,0,0,-0.13322534515222276,2,1,1,2
0,3,1,0.5101613454232019,0,0,-0.4974960653257301,2,1,1,2
1,3,1,-0.719436147717457,1,0,-0.4888542575852486,2,2,0,2
0,2,1,0.20276197213803718,2,0,0.8314778546749452,2,3,0,2
0,2,1,-0.33518693111100106,0,0,-0.3866707201133388,2,1,1,2
0,3,1,-0.10463740114712752,0,0,-0.4918744606632361,2,1,1,2
0,3,1,1.0481102486722402,0,0,-0.4863374216869257,2,1,1,2
1,1,0,-0.10463740114712752,1,0,0.39858208016340624,2,2,0,3
1,2,0,0.8175607187083667,1,1,0.13683114673782454,2,3,0,3
0,1,1,0.12591212881674602,1,0,0.39858208016340624,2,2,0,2
0,2,1,3.123056018347102,0,0,-0.43700743807979686,2,1,1,2
1,2,1,0.12591212881674602,0,0,-0.3866707201133388,2,1,1,2
0,2,1,-0.10463740114712752,0,0,-0.6484216535389205,2,1,1,2
0,3,1,-0.8731358343600393,0,0,-0.4918744606632361,2,1,1,2
0,3,1,-0.37361185277164666,0,0,-0.4863374216869257,2,1,1,2
1,3,0,-0.8731358343600393,0,0,-0.45026210265472455,2,1,1,1
0,3,0,1.0481102486722402,1,6,0.2958951755118318,2,8,0,3
1,1,1,0.5101613454232019,0,1,9.667166525013505,0,2,0,2
0,3,0,-0.10463740114712752,0,0,-0.48457563655809965,1,1,1,1
1,1,1,-0.1814872444684187,0,0,0.8964967865378598,0,1,1,2
0,3,1,-0.719436147717457,0,0,-0.4626791642426904,2,1,1,2
0,3,1,-1.180535207645204,5,2,0.2958951755118318,2,8,0,2
0,2,1,2.3545575851341902,1,1,0.13683114673782454,2,3,0,2
0,2,1,-0.33518693111100106,1,2,0.18876253192945994,0,4,0,2
0,3,1,-1.180535207645204,4,1,0.1506737441786005,2,6,0,2
0,3,1,-0.7962859910387481,0,0,-0.44363577710162005,2,1,1,2
0,3,1,-0.8731358343600393,0,0,-0.49145565916975514,2,1,1,2
1,1,0,-1.1036853643239128,0,1,3.6067927997556075,2,2,0,1
1,1,1,0.12591212881674602,1,0,0.49925551609632224,2,2,0,2
1,3,0,-1.949033640858116,0,1,-0.37828059596268965,0,2,0,1
1,3,1,-0.10463740114712752,0,0,0.48910360681684706,2,1,1,2
0,3,1,-0.33518693111100106,0,0,-0.5029485386158568,0,1,1,2
0,1,1,2.3545575851341902,0,0,-0.11384570873513637,2,1,1,4
0,2,1,1.7397588385638607,0,0,-0.3766033765200472,2,1,1,2
0,3,1,1.1249600919935314,0,0,-0.4863374216869257,2,1,1,2
1,3,0,-0.10463740114712752,0,0,-0.49271407711891657,1,1,1,1
0,1,1,1.5092093085999871,1,1,1.5841789061771412,0,3,0,2
0,3,1,0.9712604053509489,0,0,-0.494391296561559,2,1,1,2
1,1,0,-0.8731358343600393,1,0,3.9327230485884233,0,2,0,3
1,1,1,0.4333115021019107,0,0,-0.11913106412161445,2,1,1,2
0,3,0,-0.8731358343600393,0,1,-0.3573908580066095,0,2,0,1
0,3,1,-0.33518693111100106,0,0,-0.4925449457465493,1,1,1,2
0,3,1,-0.2583370877897099,1,0,-0.4902797934380587,2,2,0,2
0,2,1,0.7407108753870755,0,0,-0.12491978668775715,2,1,1,2
1,2,0,1.2018099353148226,0,0,-0.3766033765200472,2,1,1,3
1,1,1,0.9712604053509489,0,0,-0.11913106412161445,2,1,1,2
1,1,0,-0.5657364610748746,0,0,2.4029901895877646,2,1,1,1
1,3,1,-0.10463740114712752,1,1,-0.3414522396297103,0,3,0,0
1,1,0,-0.41203677443229225,0,0,0.3483299278831318,0,1,1,1
0,1,1,-0.10463740114712752,0,0,-0.11384570873513637,2,1,1,2
1,1,1,1.432359465278696,1,0,0.39858208016340624,2,2,0,2
0,3,1,-0.027787557825836348,0,0,-0.457478374542396,2,1,1,2
0,2,1,1.7397588385638607,0,0,-0.3866707201133388,2,1,1,2
0,3,1,-0.7962859910387481,0,0,-0.494391296561559,2,1,1,2
1,1,0,0.6638610320657843,0,0,3.9327230485884233,0,1,1,1
1,2,0,-0.1814872444684187,0,0,-0.43700743807979686,2,1,1,1
0,3,1,-0.10463740114712752,0,0,-0.3363340021468808,1,1,1,2
0,3,1,0.27961181545932834,0,0,-0.4918744606632361,2,1,1,2
1,2,0,-1.7953339542155335,0,1,0.016023023618325298,2,2,0,1
0,3,1,-0.9499856776813305,1,0,-0.5063875431873253,2,2,0,2
0,2,1,0.35646165878061953,0,0,-0.3866707201133388,2,1,1,2
0,2,1,1.5860591519212783,0,0,-0.3866707201133388,2,1,1,2
1,1,1,-0.1814872444684187,1,0,0.4207302360686478,2,2,0,2
0,3,1,-0.719436147717457,0,0,-0.47400492578514347,2,1,1,2
1,2,0,0.04906228549545483,3,0,-0.22559322262067316,2,4,0,3
1,3,0,-0.10463740114712752,0,0,-0.4926295114327329,1,1,1,1
0,2,1,-0.33518693111100106,1,0,-0.12491978668775715,2,2,0,2
0,3,0,-0.33518693111100106,1,0,-0.4888542575852486,2,2,0,1
1,1,0,-0.027787557825836348,0,0,3.6067927997556075,2,1,1,1
0,3,1,-1.4110847376090776,0,0,-0.2701412180209885,0,1,1,2
0,2,1,-0.10463740114712752,0,0,-0.6484216535389205,2,1,1,2
0,2,1,-0.48888661775358344,0,0,-0.3866707201133388,2,1,1,2
0,2,1,-0.48888661775358344,0,0,-0.3866707201133388,2,1,1,2
0,3,1,-0.06621247948648194,0,0,-0.32425318983493084,2,1,1,2
0,3,0,1.432359465278696,1,3,0.04370821849987721,2,5,0,3
1,1,1,0.4333115021019107,0,0,9.667166525013505,0,1,1,2
0,3,1,-0.10463740114712752,0,0,-0.4894421904510968,2,1,1,2
0,3,1,-0.10463740114712752,0,0,-0.4894421904510968,2,1,1,2
1,1,1,-0.10463740114712752,0,0,-0.04438103794142432,2,1,1,2
0,1,1,0.5101613454232019,1,0,0.9391984311231651,2,2,0,2
1,1,0,-0.6425863043961658,2,2,4.634416897040849,0,5,0,1
0,3,1,-0.41203677443229225,1,0,-0.32425318983493084,2,2,0,2
1,3,1,0.12591212881674602,0,0,-0.4888542575852486,2,1,1,2
0,1,1,3.123056018347102,1,1,0.7811411367084872,2,3,0,4
0,3,1,-1.0268355210026217,1,1,-0.24069423801061057,2,3,0,2
1,2,0,0.04906228549545483,0,0,-0.3866707201133388,2,1,1,1
0,1,1,-0.7962859910387481,1,0,0.4207302360686478,2,2,0,2
0,3,1,0.12591212881674602,0,0,-0.49237782784290063,1,1,1,2
1,2,0,-1.949033640858116,1,1,-0.18532384824750675,2,3,0,1
1,3,1,-1.7953339542155335,0,1,-0.397241430886295,2,2,0,0
0,3,1,0.27961181545932834,0,0,-0.45714212526638004,2,1,1,2
0,3,1,-0.48888661775358344,0,0,-0.4894421904510968,2,1,1,2
1,2,0,1.432359465278696,1,2,0.6603330135889879,2,4,0,3
1,2,1,-2.204943619118015,1,1,-0.35646868933346404,2,3,0,0
0,3,1,-0.10463740114712752,0,0,-0.49145565916975514,2,1,1,2
0,2,1,-0.8731358343600393,0,0,-0.41687275089321363,2,1,1,2
0,3,1,0.35646165878061953,0,0,-0.4863374216869257,2,1,1,2
1,1,0,0.27961181545932834,0,0,1.093228788100527,2,1,1,4
0,3,1,-0.10463740114712752,0,0,-0.35646868933346404,2,1,1,2
0,3,1,0.8944105620296577,0,0,-0.5049620073345151,2,1,1,2
1,3,1,-0.719436147717457,0,0,-0.5028639729296732,0,1,1,2
1,1,0,0.5101613454232019,1,2,1.7677408088510642,2,4,0,3
0,3,1,-1.0268355210026217,0,0,-0.4918744606632361,2,1,1,2
1,1,0,1.6629089952425695,1,0,0.921244330558889,2,2,0,3
0,1,1,-0.10463740114712752,0,0,0.1489119590497745,0,1,1,4
0,3,0,0.08748720715610042,0,0,-0.49237782784290063,1,1,1,1
0,3,1,-0.10463740114712752,1,0,-0.1621689579829361,1,2,0,2
0,3,1,0.20276197213803718,0,0,-0.4800453319411184,2,1,1,2
0,3,1,-0.41203677443229225,0,0,-0.45714212526638004,2,1,1,2
0,3,1,1.432359465278696,0,0,-0.4902797934380587,2,1,1,2
0,2,0,2.1240080551703167,0,0,-0.43700743807979686,2,1,1,3
0,3,1,-0.10463740114712752,0,0,-0.5029485386158568,0,1,1,2
1,2,0,1.893458525206443,1,3,-0.18532384824750675,2,5,0,3
0,3,1,-0.8731358343600393,0,0,-0.49237782784290063,2,1,1,2
0,3,1,-0.10463740114712752,0,0,-0.49237782784290063,1,1,1,2
1,3,0,-1.8721837975368247,0,0,-0.397241430886295,2,1,1,1
0,3,1,-0.10463740114712752,0,0,-0.4926295114327329,1,1,1,2
1,1,0,1.0481102486722402,0,1,3.6067927997556075,2,2,0,3
1,3,0,-1.2573850509664952,0,0,-0.5028639729296732,0,1,1,1
1,1,0,-0.9499856776813305,1,0,0.49925551609632224,2,2,0,3
0,1,1,-0.027787557825836348,0,0,-0.04438103794142432,2,1,1,2
0,3,1,-0.10463740114712752,1,2,-0.17626323901354432,2,4,0,2
0,3,1,-0.33518693111100106,0,0,-0.5064721088735089,2,1,1,2
0,3,1,-0.33518693111100106,0,0,-0.5024451714361923,2,1,1,2
1,3,0,-0.8731358343600393,0,0,-0.4974960653257301,2,1,1,1
0,3,1,-1.6416342675729512,4,1,-0.06199888922968463,1,6,0,0
1,3,1,-2.1795831708219895,1,2,-0.23415046467497105,2,4,0,0
0,1,1,1.2786597786361138,0,0,0.9462455716384695,0,1,1,2
0,3,1,-0.10463740114712752,0,0,-0.49237782784290063,1,1,1,2
0,2,1,-1.0268355210026217,0,0,-0.12491978668775715,2,1,1,2
0,3,0,-0.10463740114712752,8,2,0.7519458402879414,2,11,0,1
0,1,1,-0.10463740114712752,0,0,-0.030371322596999754,0,1,1,2
0,3,1,-0.33518693111100106,0,0,-0.4894421904510968,2,1,1,2
0,2,1,0.7407108753870755,0,0,-0.3866707201133388,2,1,1,2
1,1,0,1.5092093085999871,0,0,-0.1263453225405672,2,1,1,4
1,3,0,0.12591212881674602,0,0,-0.4735861242916626,2,1,1,3
0,3,1,0.04906228549545483,0,0,-0.5028639729296732,0,1,1,2
0,3,0,0.04906228549545483,1,1,-0.1621689579829361,2,3,0,3
0,2,1,0.35646165878061953,0,0,-0.3866707201133388,2,1,1,2
1,2,0,0.12591212881674602,1,1,-0.11988611489111134,2,3,0,3
1,1,1,-1.4110847376090776,1,2,1.7677408088510642,2,4,0,0
1,3,1,-2.224156079948338,0,1,-0.47694056317694733,0,2,0,0
1,3,1,-0.1814872444684187,0,0,-0.5079822104125026,2,1,1,2
0,3,1,0.12591212881674602,0,0,-0.4918744606632361,2,1,1,2
0,1,1,0.7407108753870755,0,0,-0.6484216535389205,2,1,1,2
0,3,0,-0.8731358343600393,0,0,-0.4918744606632361,2,1,1,1
0,2,1,0.7407108753870755,0,0,-0.3866707201133388,2,1,1,2
1,1,0,0.27961181545932834,1,0,0.4207302360686478,2,2,0,3
0,3,1,-0.2583370877897099,0,0,-0.4896093083547455,2,1,1,2
0,3,1,0.7407108753870755,0,0,-0.1621689579829361,2,1,1,2
0,2,1,0.4333115021019107,0,0,-0.43700743807979686,2,1,1,2
0,3,0,-1.7953339542155335,4,2,-0.01870931177853076,2,7,0,1
0,3,1,0.08748720715610042,0,0,-0.4863374216869257,2,1,1,2
0,1,1,-0.10463740114712752,0,0,-0.6484216535389205,2,1,1,2
0,3,0,-0.48888661775358344,0,0,-0.4888542575852486,2,1,1,1
0,2,1,0.12591212881674602,1,1,0.09664633805084172,0,3,0,2
0,3,1,1.0481102486722402,0,0,-0.5185529211854588,2,1,1,2
0,3,1,-1.4879345809303688,3,2,-0.08666388103324908,2,6,0,0
1,1,0,1.7397588385638607,1,1,1.2341715984066093,2,3,0,3
1,3,1,-0.1814872444684187,0,0,-0.47400492578514347,2,1,1,2
0,1,1,0.6638610320657843,0,0,-0.6484216535389205,2,1,1,4
1,3,0,-0.1814872444684187,0,1,-0.397241430886295,2,2,0,3
0,3,1,-2.1027333275006983,4,1,0.1506737441786005,2,6,0,0
0,3,1,-0.10463740114712752,0,0,-0.5084855775921673,1,1,1,2
0,3,1,-0.10463740114712752,0,0,0.48910360681684706,2,1,1,2
1,2,1,-2.1795831708219895,0,2,0.09664633805084172,0,3,0,0
1,3,1,-0.10463740114712752,0,0,-0.49237782784290063,1,1,1,2
1,1,0,2.5082572717767726,0,0,0.962353321387736,2,1,1,3
1,3,0,-1.1036853643239128,1,0,-0.3573908580066095,0,2,0,3
1,2,1,-2.192647644186609,1,1,-0.2708962687904854,2,3,0,0
0,3,1,-0.10463740114712752,0,0,-0.5028639729296732,0,1,1,2
0,3,1,-0.48888661775358344,0,0,-0.4902797934380587,2,1,1,2
0,3,1,-0.8731358343600393,0,0,-0.48130374989027985,2,1,1,2
1,1,0,0.7407108753870755,1,1,1.0259447039291216,0,3,0,1
0,3,1,-0.6425863043961658,0,0,-0.47400492578514347,2,1,1,2
0,3,1,-0.10463740114712752,0,0,-0.4863374216869257,2,1,1,2
1,3,1,0.20276197213803718,0,0,0.48910360681684706,2,1,1,2
1,1,1,-0.10463740114712752,0,0,-0.05042144409739929,0,1,1,2
0,3,1,-0.719436147717457,0,0,-0.4888542575852486,2,1,1,2
0,2,1,-1.0268355210026217,0,0,-0.43700743807979686,2,1,1,2
1,1,0,0.04906228549545483,0,0,-0.024246350754841113,0,1,1,1
0,3,1,0.3948865804412651,0,0,-0.5188046047752911,0,1,1,2
0,3,1,-0.9499856776813305,0,0,-0.47400492578514347,2,1,1,2
0,3,1,0.9712604053509489,0,0,-0.49640476528021726,2,1,1,2
0,3,1,-0.10463740114712752,8,2,0.7519458402879414,2,11,0,2
0,3,1,0.4333115021019107,0,0,-0.4894421904510968,0,1,1,2
0,2,1,-0.10463740114712752,0,1,0.016023023618325298,2,2,0,4
1,1,0,-0.10463740114712752,1,0,1.145663540471827,0,2,0,3
0,3,1,-1.949033640858116,4,2,-0.01870931177853076,2,7,0,0
0,3,1,3.430455391632267,0,0,-0.4918744606632361,2,1,1,2
0,3,0,-1.56478442425166,1,1,-0.3414522396297103,0,3,0,1
1,1,0,-1.0268355210026217,0,1,0.14488502161245778,2,2,0,1
0,2,0,1.1249600919935314,1,0,-0.12491978668775715,2,2,0,3
1,3,0,-0.8731358343600393,0,1,-0.4601623283443675,2,2,0,3
1,1,0,1.2018099353148226,1,1,2.671117778445337,2,3,0,3
1,1,1,1.6629089952425695,0,0,-0.11384570873513637,2,1,1,2
1,3,0,-0.41203677443229225,0,3,-0.26066180729354516,0,4,0,3
0,3,1,-0.10463740114712752,0,0,-0.5028639729296732,0,1,1,2
0,3,1,0.8944105620296577,2,0,-0.36435544630444866,2,3,0,2
0,2,1,-0.6425863043961658,1,0,-0.41687275089321363,2,2,0,2
1,1,0,1.432359465278696,0,0,-0.1263453225405672,2,1,1,3
0,3,0,-0.10463740114712752,8,2,0.7519458402879414,2,11,0,1
0,2,1,-0.41203677443229225,0,0,-0.3866707201133388,2,1,1,2
1,2,0,0.9712604053509489,0,0,-0.3866707201133388,2,1,1,3
1,2,0,-0.1814872444684187,1,0,-0.3693891181010945,0,2,0,1
0,1,1,0.12591212881674602,0,0,0.3682954836973478,2,1,1,2
0,3,1,-0.10463740114712752,0,0,-0.45714212526638004,2,1,1,2
1,3,1,-1.949033640858116,1,1,-0.4242561406845337,2,3,0,0
0,3,1,-0.2583370877897099,0,0,-0.4894421904510968,2,1,1,2
1,1,0,1.3555096219574048,1,1,0.40974072380221066,2,3,0,3
0,1,1,0.27961181545932834,0,0,-0.5477482176060045,2,1,1,2
0,3,1,1.3555096219574048,0,0,-0.46720946885967163,2,1,1,2
1,2,0,-0.10463740114712752,1,0,-0.16518916106092355,0,2,0,3
1,3,0,-1.1036853643239128,0,0,-0.5029485386158568,0,1,1,1
0,3,1,-0.719436147717457,0,0,-0.45017955043725955,2,1,1,2
0,3,1,-0.7962859910387481,0,0,-0.4894421904510968,2,1,1,2
0,3,1,-0.10463740114712752,0,0,-0.4894421904510968,2,1,1,2
1,1,0,2.0471582118490255,0,1,1.0259447039291216,0,2,0,3
1,2,0,-0.33518693111100106,0,1,-0.12491978668775715,2,2,0,3
0,3,1,0.27961181545932834,0,0,-0.4894421904510968,2,1,1,2
0,3,0,-0.5657364610748746,0,0,-0.4366711888037809,2,1,1,1
0,2,1,-0.10463740114712752,0,0,-0.43700743807979686,2,1,1,2
0,3,1,-0.33518693111100106,0,0,-0.5064721088735089,2,1,1,2
0,3,0,0.7407108753870755,0,5,-0.06199888922968463,1,6,0,3
0,2,1,-0.1814872444684187,0,0,-0.3866707201133388,2,1,1,4
1,1,0,-0.7962859910387481,0,0,-0.04438103794142432,2,1,1,1
0,3,0,-0.10463740114712752,1,2,-0.17626323901354432,2,4,0,1
1,1,1,-0.2583370877897099,0,0,-0.04438103794142432,0,1,1,2
0,3,1,0.20276197213803718,0,0,-0.49237782784290063,1,1,1,2
